{
  "accuracy": {
    "mean": 0.919336005576856,
    "std": 0.029357274425326804,
    "per_fold": [
      0.9013157894736842,
      0.9271523178807947,
      0.9337748344370861,
      0.9602649006622517,
      0.8741721854304636
    ]
  },
  "f1_score": {
    "mean": 0.9211290669299645,
    "std": 0.027812969487350257,
    "per_fold": [
      0.9038021120488571,
      0.9280454948881028,
      0.9348338404629796,
      0.9602649006622517,
      0.878698986587631
    ]
  },
  "roc_auc": {
    "mean": 0.9628855366803666,
    "std": 0.02265133502333201,
    "per_fold": [
      0.9618788291354662,
      0.9701909641360037,
      0.972752678155566,
      0.9885887284583139,
      0.9210164835164836
    ]
  },
  "pipeline": {
    "n_folds": 5,
    "n_original_features": 753,
    "n_boruta_features": 131,
    "n_pca_components": 69,
    "ensemble": "Residual-CNN1D + BiLSTM-Attention + RF + HistGBM + SVM (AUC-weighted)",
    "balancing": "ADASYN",
    "loss": "Focal (\u03b1=0.75, \u03b3=2.0)",
    "optimal_threshold": 0.5248783691225952
  }
}