{
  "accuracy": {
    "mean": 0.9180027884280237,
    "std": 0.025289352191245347,
    "per_fold": [
      0.9078947368421053,
      0.9271523178807947,
      0.9337748344370861,
      0.9470198675496688,
      0.8741721854304636
    ]
  },
  "f1_score": {
    "mean": 0.9200653895833755,
    "std": 0.023838063787310102,
    "per_fold": [
      0.9099282296650718,
      0.9280454948881028,
      0.9348338404629796,
      0.9482357087267441,
      0.879283674173979
    ]
  },
  "roc_auc": {
    "mean": 0.9638151070323868,
    "std": 0.022842271335816813,
    "per_fold": [
      0.9616519174041298,
      0.9711224965067535,
      0.9743828598043781,
      0.9899860270144388,
      0.9219322344322343
    ]
  },
  "pipeline": {
    "n_folds": 5,
    "n_original_features": 753,
    "n_boruta_features": 131,
    "n_pca_components": 69,
    "ensemble": "Residual-CNN1D + BiLSTM-Attention + RF + HistGBM + SVM (AUC-weighted)",
    "balancing": "ADASYN",
    "loss": "Focal (\u03b1=0.75, \u03b3=2.0)",
    "optimal_threshold": 0.5572576779914541
  }
}